income,savings,expenses,family_size,years_employed,age,rent,debt,loan_amount
9270,21969,2343,5,18,22,1860,198,5590.700000000001
2860,45659,1337,1,18,28,2864,1184,20697.699999999997
7390,37545,2389,2,16,31,2234,537,15263.5
7191,36668,4566,2,9,53,2323,1144,11500.4
13964,23061,1606,2,9,58,2079,300,7418.299999999999
13284,13716,1165,4,3,47,1180,723,-2385.2
7734,39749,2567,5,7,40,1833,1598,5424.699999999999
8265,39144,3058,4,19,32,1055,962,13243.199999999997
2466,16907,2324,3,19,63,1109,1459,8572.099999999999
6426,18777,1728,2,17,51,2656,67,10133.099999999999
7578,27693,3848,3,13,47,871,1788,8807.9
13636,42928,3043,1,17,52,1115,1945,19378.4
13363,26329,1101,1,13,30,2414,458,12398.7
13111,46892,4496,4,19,23,2753,1537,15567.599999999999
10322,16282,2415,5,14,47,1346,397,1884.5999999999985
3685,23624,1778,3,3,55,542,619,2587.2000000000007
2769,23321,1213,5,12,51,1364,1309,2996.2999999999993
12583,10488,4762,4,7,35,1768,1584,-1353.6000000000004
8949,22574,2111,1,17,36,1878,1163,13272.2
4433,5240,2576,5,11,33,1284,729,-2928.0
7311,43221,3448,5,13,55,975,555,9466.3
7051,10478,3635,1,1,31,582,1952,1643.4
8420,45162,3936,3,17,41,1633,780,16048.599999999999
3184,19262,4117,1,1,31,2737,1613,4278.599999999999
6555,4432,2695,5,10,50,1299,1751,-3670.3999999999996
5385,29721,4534,3,8,55,1435,893,6916.299999999999
14309,13568,1591,3,11,42,2798,609,3570.3999999999996
8396,14178,2333,1,16,58,2838,747,10253.4
13096,22195,2109,5,14,51,2168,281,3658.5
10666,302,3139,4,16,34,825,660,90.60000000000036
11274,17022,4731,5,17,44,2034,923,3606.5999999999985
4558,55,3720,2,5,52,2485,1839,-1483.5
9849,45781,1713,4,16,56,2464,995,13734.3
4047,8717,1935,3,17,52,1336,1959,5115.1
4747,28699,2951,4,7,35,1007,1601,4109.699999999999
11167,8150,1241,3,8,63,2619,745,445.0
11998,2125,3043,3,5,55,1770,1480,-2862.5
2189,44247,4936,4,4,23,1140,86,7274.1
4734,48513,1001,3,11,36,2378,1102,14053.900000000001
5005,16748,3272,3,10,25,1107,1228,4024.3999999999996
6658,39577,3848,2,0,41,2458,790,7873.1
3899,4621,2768,5,10,30,1065,1360,-3613.7
9734,15034,2949,5,18,39,1867,1277,3510.2000000000007
3267,46391,3636,2,8,45,2601,303,13917.3
3528,5126,3163,4,1,24,2253,1403,-5962.2
13394,5122,4737,1,11,49,2081,129,5036.6
5556,18030,1917,1,3,39,2486,595,4909.0
5890,17302,4174,1,3,63,2740,1299,4690.599999999999
10838,19181,3241,2,17,22,2605,1722,10254.3
13080,38638,4237,2,14,30,628,557,14591.400000000001
7393,1531,3918,3,18,63,2372,898,3459.2999999999993
12627,40940,1089,1,12,45,1205,1206,16282.0
10792,40441,2709,4,18,40,1351,1291,13132.3
12555,23333,3169,4,16,39,507,1831,6999.9
12253,39650,1142,1,5,43,2576,1345,12395.0
10433,34674,4041,1,15,44,1635,1535,15902.199999999997
12233,35854,1105,1,11,31,2678,1635,14256.199999999999
13016,46271,1886,2,18,54,2735,77,18881.3
9513,8152,1427,2,4,48,2198,783,445.60000000000036
4612,38518,2328,2,16,25,1998,1362,15555.400000000001
9041,45540,2895,5,0,25,2759,673,3662.0
11555,10267,2994,4,9,41,2144,1579,-419.89999999999964
8235,25289,1316,4,14,32,775,1532,6586.700000000001
7486,1062,2986,3,10,24,2202,237,-681.3999999999996
9099,29926,1634,2,12,62,2295,1157,10977.8
11670,6229,2925,5,4,40,742,1996,-6131.3
12748,49277,3056,5,0,58,670,1215,4783.0999999999985
2775,47915,3821,4,11,45,1152,1379,11874.5
14206,4632,4144,2,10,34,2432,277,2389.6000000000004
10226,39056,4430,3,16,31,2735,1041,13716.8
5152,3596,3270,2,3,52,1609,523,-1421.1999999999998
12147,44243,2439,1,14,31,1999,179,18272.9
3585,6168,1552,2,8,38,2599,122,1850.3999999999996
5943,42563,4441,1,19,47,2658,1269,20268.9
9555,7561,1715,1,18,38,2472,1757,9268.3
5073,8258,2287,3,18,43,1566,1396,5477.4
3021,16616,4911,4,11,31,2758,1074,2484.7999999999993
13653,26734,2713,2,4,41,2535,1094,6020.200000000001
12805,6371,2883,1,9,64,1357,479,4411.3
5843,26069,4389,2,16,25,1549,1583,11820.7
9989,14369,2107,4,4,43,798,1042,-1689.3000000000002
11692,12910,2341,4,15,61,1423,1797,3373.0
14990,7943,1110,5,6,45,636,83,-4617.1
8873,12199,1250,4,8,61,1543,1178,-340.3000000000002
7675,15728,3430,3,2,30,2987,564,-281.60000000000036
2161,23275,3054,1,14,42,710,618,11982.5
6297,6738,1458,5,15,39,2074,356,-478.60000000000036
12173,15913,2107,3,17,21,2982,815,7273.9
2995,35240,1207,2,13,27,1279,646,13072.0
13534,19123,1899,1,2,24,1730,442,4736.9
14743,48447,4461,4,11,21,2986,1092,12034.099999999999
9629,34529,4385,1,8,35,2302,522,12358.699999999999
13990,10167,1021,2,6,60,1565,142,2050.1000000000004
11467,10554,1409,5,8,32,910,191,-2833.8
3016,17260,1894,5,12,42,926,1410,1178.0
9869,47045,1514,5,17,42,1971,377,12613.5
8439,3812,4198,4,4,37,1441,580,-4856.4
9892,28024,1808,3,12,49,2407,534,8407.199999999999
8863,27285,4771,3,3,34,1241,1716,3685.5
9916,26900,1873,1,1,40,1892,1316,6570.0
10529,1605,1013,4,15,53,1743,1032,-18.5
2878,5622,1970,5,8,63,2100,1294,-4313.4
11268,6767,4025,5,8,35,1755,1410,-3969.8999999999996
6887,27139,4061,2,5,32,827,92,6641.700000000001
14185,11613,4083,2,10,60,1966,1989,4483.9
6859,10589,3134,5,0,40,2599,528,-6823.3
8331,13918,4595,5,3,50,2466,1177,-4324.6
10571,20119,3956,4,12,58,875,404,4035.7000000000007
10684,27446,2560,3,12,23,762,839,8233.8
9208,13046,2324,2,12,48,766,1172,5913.799999999999
7276,24818,2266,3,1,46,2906,888,1945.3999999999996
4062,35358,3169,4,8,50,2444,1290,6607.4
14076,4324,4218,5,7,33,2393,421,-5202.8
2064,10787,4638,3,6,33,2401,1863,236.10000000000036
10006,9111,1749,5,3,22,2152,1641,-5766.700000000001
4568,38110,4427,5,17,57,1944,471,9933.0
7463,16389,1684,1,2,58,545,892,3916.7
4027,41427,2927,3,5,22,1099,546,8928.1
4695,14043,4804,3,11,56,1219,630,3712.8999999999996
11687,28746,4702,5,11,46,2412,1549,4123.799999999999
7258,22350,3356,4,7,31,1792,1526,2205.0
7618,41605,1694,1,0,28,1100,1037,10481.5
8736,117,3335,5,3,64,880,777,-8464.9
2391,46685,1306,2,10,60,617,1675,15005.5
14706,18935,4883,2,2,63,2663,1829,2680.5
14666,47077,4665,1,12,42,759,363,18123.1
7892,13234,2989,4,16,40,1598,118,3970.2000000000007
5561,38328,3961,5,9,28,2003,1261,5998.4
12470,846,4794,3,11,49,2852,545,-246.19999999999982
8184,10954,1661,1,14,60,2554,1192,8286.2
5099,13703,1548,4,9,46,865,521,610.8999999999996
8278,48153,4423,3,13,50,2157,633,14945.900000000001
10392,46514,1311,2,12,37,1961,1936,15954.199999999997
5104,22700,3920,2,4,40,2524,1680,4810.0
9215,32043,2082,3,5,36,2976,962,6112.9
14790,6469,4714,1,1,63,1290,957,440.6999999999998
4454,30105,3971,2,16,27,1246,1758,13031.5
13837,42101,2737,5,3,36,2914,882,4130.299999999999
10996,26386,1754,3,13,47,812,1792,8415.8
4731,49376,1034,3,9,43,1037,779,13312.8
12965,45587,1444,2,2,44,1420,870,10676.1
10154,36976,3140,1,2,29,1577,515,10092.8
11762,39051,2982,5,14,55,1990,937,8715.3
7056,2048,2230,1,5,40,2881,1420,1114.4
10110,39001,1352,4,16,57,1297,865,11700.3
12882,12941,1902,4,11,62,847,105,1382.2999999999993
5840,45375,2355,2,19,37,772,1108,19112.5
3028,42533,4888,2,10,51,1219,213,13759.900000000001
9385,1828,3909,2,3,28,2273,1144,-1951.6
2502,1917,2748,4,5,35,1184,1155,-4924.9
8910,20618,1158,1,0,51,2626,849,4185.4
14685,32254,2977,1,19,50,1121,196,17176.199999999997
11062,39756,1956,2,15,40,2539,18,15426.8
8938,47362,3071,5,14,59,1446,641,11208.599999999999
6488,20128,1403,1,16,32,2905,1035,12038.4
2206,45745,3852,4,7,37,1006,1104,9223.5
7134,9,1515,3,11,62,2082,329,-497.3000000000002
7977,16644,3779,3,9,50,743,865,3493.2000000000007
9721,22422,2387,3,14,49,1005,773,7726.5999999999985
9035,9865,4453,5,8,39,921,391,-3040.5
3484,2219,3579,2,1,31,2764,636,-2834.3
9858,39809,1955,4,4,54,2372,306,5942.699999999999
2863,5287,3199,5,5,27,1692,1290,-5913.9
4790,34387,4633,4,6,64,829,1470,5316.1
9408,8512,2712,4,0,54,1149,1464,-5446.4
10755,1342,3994,2,6,40,1964,894,-597.4000000000001
7116,43336,1607,3,19,58,890,651,16500.8
14383,19216,4688,2,11,44,2019,840,7264.799999999999
8019,27534,3467,5,15,30,880,1025,5760.199999999999
3757,14231,2273,5,15,52,1241,519,1769.2999999999993
9574,32293,4188,5,10,35,2510,1785,4687.9
8374,26614,3913,2,3,57,1319,1674,5484.200000000001
8892,36258,2535,4,12,40,1172,635,8877.400000000001
3678,28253,4811,4,6,23,2271,1332,3475.8999999999996
5242,42078,3625,1,3,57,1711,739,12123.4
6636,40752,3382,5,14,60,1429,1545,9225.599999999999
3059,17988,2441,4,18,28,2039,468,6396.4
8668,31037,3979,1,8,60,1412,211,11311.1
11914,12219,2797,4,10,64,1143,1135,665.7000000000007
13506,235,1294,5,7,43,926,1031,-6429.5
5157,42929,1754,3,0,60,1001,803,6878.699999999999
7915,1908,2394,5,7,31,1229,476,-5927.6
12817,8567,1185,2,12,28,1783,873,4570.1
12921,36298,2269,4,3,49,2618,459,4389.4
11789,5256,1636,4,7,50,956,252,-2923.2
13252,19019,2291,2,2,30,2736,1549,2705.7
4693,8162,4714,2,8,59,790,751,2448.6000000000004
5627,5415,4308,3,1,48,1419,1461,-3875.5
11555,36159,1529,4,1,56,2839,1777,3347.699999999999
12173,43925,4623,4,12,33,2469,980,11177.5
7450,5951,3068,3,14,52,1255,853,2785.2999999999993
3663,21852,3958,1,11,56,2158,1684,10055.599999999999
11721,8007,4808,3,3,57,2334,235,-2097.9
12230,41832,3914,5,7,46,1806,1329,6049.6
7592,30523,1793,4,8,42,2067,477,5156.9
13494,23325,4591,2,4,24,2369,678,4997.5
12429,21204,3147,5,19,51,876,1043,5861.200000000001
9392,15524,3799,4,17,38,1679,215,5157.200000000001
3306,19282,1477,3,10,58,1007,854,4784.5999999999985
14221,23930,2622,5,14,44,1936,134,4179.0
8776,77,4369,4,8,43,1058,904,-3976.9
12867,40345,1939,1,16,42,2807,1152,18103.5
7864,20611,1525,1,11,22,920,409,9683.3
11474,16984,3381,2,6,51,2052,1445,4095.2
9526,14060,1001,4,9,31,803,1317,718.0
10901,17449,1374,1,9,48,1441,1269,7734.700000000001
7575,18520,3340,3,12,52,1801,1724,5556.0
7530,43303,3884,4,18,25,1589,1579,13990.900000000001
14936,9510,4052,3,10,58,2655,85,1853.0
6413,29287,1552,3,12,30,2815,555,8786.1
5748,28173,3365,1,7,60,2769,1865,9951.9
14971,39711,2525,4,7,44,2327,1398,7413.299999999999
2663,11954,2851,5,3,55,2053,1469,-4913.8
3998,7804,1380,1,14,64,1192,377,7341.200000000001
9994,6565,2646,1,10,43,754,1413,4969.5
13637,5984,1013,4,10,37,1978,1680,-1204.8000000000002
13935,21526,1503,4,0,21,2800,1074,-1542.1999999999998
3495,37438,3278,3,16,51,756,241,13231.400000000001
5304,18574,3008,4,14,51,2930,1317,4572.200000000001
5763,9184,4155,3,19,62,941,919,6255.200000000001
7232,19096,1129,1,5,62,2381,1586,6228.799999999999
3853,2192,4814,2,14,54,1613,265,3657.6000000000004
8585,34016,1837,5,8,29,2937,1143,4204.799999999999
14851,11246,4216,1,13,42,1081,711,7873.799999999999
3291,45558,3938,4,17,33,2235,1940,14167.400000000001
5581,18381,4928,5,16,45,518,1271,3514.2999999999993
13649,36455,3040,2,17,38,1624,69,15436.5
9554,26727,1027,2,4,32,1880,1876,6018.0999999999985
9280,4018,3113,3,19,60,2065,56,4705.4
3636,11302,4234,5,19,37,2580,1405,2890.6000000000004
5696,1970,2252,3,8,35,2493,38,-1409.0
13191,41157,1260,1,10,62,2047,800,15347.099999999999
13344,27202,3046,5,0,35,1361,1466,-1839.4000000000005
2698,31110,2472,1,17,35,654,1041,15833.0
12352,17586,2447,3,5,59,1404,1975,1775.8000000000002
14289,24519,1459,5,1,33,1769,731,-2144.3
6737,31273,4747,3,14,37,904,824,10381.9
2854,21951,1300,5,13,52,1343,755,3085.2999999999993
10164,15374,3966,3,4,29,2282,351,612.1999999999998
7855,5788,4374,2,5,60,2064,1995,236.39999999999964
9392,5408,3334,3,5,40,1684,1839,-1877.6000000000004
8528,25053,4466,2,17,46,1246,1321,12015.9
13666,9446,4081,3,13,47,2225,282,3333.7999999999993
7249,922,4778,5,9,41,770,1609,-5223.4
7172,33187,1629,5,13,38,1269,109,6456.0999999999985
3707,10789,1269,5,12,33,2215,1016,-763.2999999999993
12969,32184,3639,4,2,36,2010,1203,2655.199999999999
7791,1120,2993,1,5,29,671,1961,836.0
11925,44028,2628,5,7,32,773,543,6708.4000000000015
7535,32154,2801,2,11,64,2806,1769,11146.199999999999
6931,17334,3891,5,12,58,1658,1817,1200.2000000000007
5510,2336,1861,4,10,39,2206,24,-2299.2
2202,38141,4432,2,11,27,2271,842,12942.3
13447,2243,2280,4,0,55,921,790,-7327.1
6218,19029,3180,2,16,38,1944,737,9708.7
14688,32265,4347,3,15,36,1709,56,11179.5
10958,37380,2799,1,10,59,2911,179,14214.0
6389,46714,2706,1,12,24,2925,231,18014.199999999997
4327,43872,4019,4,17,45,1079,1917,13661.599999999999
10004,46197,3560,1,10,52,1390,342,16859.1
4931,23710,3360,4,11,60,1221,476,4613.0
9777,29486,1575,4,5,33,1380,1822,3345.7999999999993
2197,6371,3933,4,8,37,1621,575,-2088.7
9125,6359,3003,1,15,57,2507,454,7407.700000000001
3930,40631,2307,4,3,26,2569,1255,5689.299999999999
13774,35996,4192,1,2,39,1973,288,9798.8
8287,20103,4178,4,15,33,882,1236,5530.9
10800,14382,2956,5,11,46,2681,257,-185.40000000000146
13464,18755,3734,4,10,34,1949,529,2626.5
11339,35659,3020,2,4,51,2090,686,8697.699999999999
6282,3756,4275,4,17,24,2286,928,1626.7999999999993
13589,20609,3212,3,18,59,643,228,9182.7
4511,48538,3352,4,5,28,2386,1249,9061.400000000001
11986,16478,4568,2,17,45,2202,595,9443.4
2659,35442,2655,2,5,33,1935,1826,9132.6
4811,39666,2579,1,3,52,723,434,11399.8
9098,10147,2847,5,11,58,719,881,-1455.8999999999996
8546,33561,3203,4,18,58,678,1020,11068.3
11561,34884,2390,1,1,48,2154,1781,8965.199999999999
3986,5779,2742,5,16,50,932,401,-266.2999999999993
10338,12298,2925,4,10,23,764,621,689.3999999999996
13411,14153,1619,3,10,48,1453,1789,3245.8999999999996
4911,43879,2274,4,15,23,928,87,12663.699999999997
3734,10789,1956,2,1,54,2963,583,-263.3000000000002
3843,44165,2939,2,1,36,2744,1916,9749.5
10680,12999,4953,3,7,42,2077,1565,1399.6999999999998
4976,814,3381,1,12,52,979,1707,4244.2
3959,49497,4713,5,9,58,1853,308,9349.099999999999
7759,10541,1968,4,7,28,1389,905,-1337.7000000000007
8694,24938,3558,2,3,28,1424,342,4981.4
4385,2443,2316,1,14,26,2670,435,5732.9
13111,10457,2043,3,0,34,2402,176,-2862.9
6736,10380,1281,2,10,52,1910,138,4114.0
3802,7783,3844,3,6,55,1862,193,-665.1000000000004
10155,44241,4072,4,16,30,1277,1209,13272.3
10120,17368,3166,5,19,23,2895,1241,4710.4
8616,15328,2058,2,17,32,528,1187,9098.4
7534,26215,1197,2,11,51,534,1184,9364.5
6061,33595,3532,4,8,49,1919,942,6078.5
13561,27306,4828,1,4,25,1088,524,8191.799999999999
2262,19915,2082,5,9,45,1403,1831,474.5
8287,39915,3884,2,3,61,2669,1624,9474.5
10815,37219,2184,5,4,51,839,1859,3165.699999999999
11208,15343,2008,2,9,41,674,1065,5102.9
13835,46403,3738,5,10,40,2423,914,8920.900000000001
4049,38727,2229,3,9,59,2214,209,10118.1
7423,126,2035,2,7,42,1096,740,-462.1999999999998
13915,27632,1489,5,1,24,950,861,-1210.3999999999996
6548,41563,1275,1,7,33,1056,1298,13968.9
5108,44409,3740,3,15,62,1659,953,14822.699999999997
14282,20530,3289,3,4,40,1856,1302,2159.0
9158,39964,2239,1,2,33,2556,1274,10989.199999999999
12248,44327,2274,5,11,37,2881,1333,8798.099999999999
9400,3368,4882,4,12,56,1516,1743,-989.6000000000004
5170,3797,1125,1,12,53,2874,832,5139.1
11874,47882,1216,5,9,21,2562,139,8864.599999999999
4255,13718,4377,1,3,35,1338,791,3615.3999999999996
3154,34560,4868,1,8,33,2137,545,12368.0
6499,11053,2208,2,1,37,725,1844,-184.0999999999999
8295,22116,4110,5,18,44,2313,1016,5634.799999999999
8197,36244,2246,4,0,28,2660,1927,2873.199999999999
13383,36185,4255,2,6,47,2520,1553,9855.5
11888,1645,3542,1,16,43,1951,56,6493.5
14183,47523,3474,1,2,28,2548,111,13256.9
14915,19256,4249,1,19,28,2813,4,13276.8
14874,35840,1918,5,19,46,2014,1433,10252.0
3648,34622,4499,5,2,33,1731,1437,1386.6000000000004
7539,37430,2317,2,2,59,2145,1205,8229.0
11637,39282,4923,4,16,57,2235,1036,11784.599999999999
6199,2708,3198,2,6,48,805,1362,-187.5999999999999
14115,11694,3431,3,13,45,2559,1820,4008.2000000000007
10445,9524,2661,1,16,36,2223,1282,8857.2
13375,31880,4884,1,17,22,2189,89,16064.0
4557,39224,1307,1,12,38,2017,615,15767.199999999997
7592,36980,2359,2,19,37,1891,890,16594.0
2098,32409,2969,2,19,50,919,697,15222.699999999997
4200,13224,3793,1,17,59,2718,1273,10467.2
4961,40738,1891,2,3,33,633,1278,9721.4
6973,25150,1374,5,0,52,2530,1611,-2455.0
6433,49688,4079,5,17,49,1950,897,13406.400000000001
13969,34393,3033,2,0,50,2053,970,6317.9
4869,43082,2364,1,12,38,1664,1131,16924.6
13426,7973,1128,2,19,33,2369,667,7891.9
13983,8577,2014,2,19,63,2319,593,8073.1
2956,8070,2799,2,9,41,1842,588,2921.0
14259,8666,3716,3,10,50,1964,484,1599.7999999999993
10352,36368,4423,5,8,41,2726,981,4910.4
7699,6783,2381,4,8,37,1579,971,-1965.1000000000004
8944,45994,1516,4,4,60,1678,1281,7798.199999999999
6493,41914,2518,3,0,39,2195,638,6574.199999999999
11492,4971,1085,2,16,35,610,996,5491.299999999999
6911,13490,2198,3,1,29,2684,1926,-1453.0
5987,45719,4873,3,12,30,2779,281,13715.699999999997
11719,45080,4264,1,8,64,967,985,15524.0
8015,1990,3358,5,3,51,1313,1111,-7903.0
3218,5299,2142,4,4,43,1772,1227,-4410.3
6496,45765,4289,2,10,50,1493,15,14729.5
6735,19956,3474,4,18,53,2531,1174,6986.799999999999
13296,22359,2993,4,2,29,822,935,-292.3000000000002
12927,46240,4485,5,11,21,1403,253,9372.0
6555,37148,3161,4,18,64,2041,1211,12144.400000000001
11146,28734,4216,4,18,55,2499,328,9620.199999999997
10050,4757,4609,3,12,31,2315,543,1427.1000000000004
14757,19097,4719,5,6,54,2976,782,-1270.9000000000015
5446,10395,1302,1,14,36,647,996,8118.5
3045,16241,3791,2,6,29,1641,1420,3872.3
8893,38356,4952,4,7,52,1349,1540,7006.799999999999
3693,27696,1587,2,4,35,866,1482,6308.799999999999
5436,4944,1986,1,13,32,1589,1353,5983.2
10754,46163,2863,2,3,53,2538,1843,11348.9
12677,19816,1344,1,9,34,674,844,8444.8
7895,49840,1813,3,19,28,2354,1192,18452.0
5354,37011,2987,4,14,28,1087,1716,10103.3
2225,24917,3848,1,17,47,994,365,13975.099999999999
6893,31195,4072,2,19,32,1637,1201,14858.5
9022,21566,4218,4,12,21,2284,654,4469.799999999999
11151,9916,2310,3,7,63,1670,1385,474.7999999999993
7600,20806,2999,4,8,60,534,759,2241.7999999999993
14740,9984,2677,1,15,62,1498,638,8495.2
13259,1759,4124,3,18,31,1832,1798,3527.7000000000007
9996,41949,2327,2,15,59,1537,1063,16084.699999999997
11007,26838,2092,3,6,63,873,923,5051.4
14946,2482,3408,3,13,51,1951,415,1244.6000000000004
9683,24442,4673,5,13,37,2251,1378,3832.5999999999985
6642,33719,4291,3,3,53,2780,254,5615.699999999999
13312,27965,2009,3,14,52,1204,1166,9389.5
9679,2079,1703,4,2,49,1062,1775,-6376.3
10208,2717,1574,2,4,41,2373,1763,-1184.9
9339,27952,2608,4,0,41,2623,1876,385.60000000000036
11435,20908,4232,4,2,60,938,709,-727.6000000000004
4205,42460,4752,1,14,43,2383,576,17738.0
12716,24861,2112,4,7,26,2479,899,2958.2999999999993
3069,7311,1687,5,3,42,1198,10,-6306.700000000001
5444,28071,3828,5,1,58,1812,1643,-1078.7000000000007
12757,23570,3632,1,9,57,2063,25,9571.0
3060,18449,4828,2,3,28,1191,956,3034.7
4327,33536,3636,2,2,61,2800,420,7060.799999999999
5420,38258,4230,4,1,55,1700,1686,3977.3999999999996
2301,48302,1488,4,16,31,2957,1244,14490.599999999999
14468,28865,4018,4,19,44,2134,1876,10159.5
2606,6645,2347,2,12,41,2133,495,3993.5
5170,38000,4681,3,4,22,626,1260,7400.0
2699,26737,4452,5,8,60,2006,236,2021.0999999999985
7088,11485,4173,3,5,39,1691,1008,-54.5
11331,38565,1493,3,4,59,793,218,7569.5
2190,25522,2667,2,9,48,1866,1510,8156.5999999999985
12492,12342,2637,3,7,37,1519,1959,1202.6000000000004
2980,40806,1018,1,6,26,2857,460,13241.8
4975,48770,4525,4,6,39,918,662,9631.0
8102,13087,4553,1,5,58,943,634,4426.1
3184,37641,4665,5,19,48,1184,1167,10792.3
5327,34249,3444,4,2,22,2783,989,3274.699999999999
5394,10093,2000,3,18,58,1962,188,6027.9
10319,47190,4350,5,14,57,2761,254,11157.0
12257,16438,1850,4,3,24,584,67,-1568.6000000000004
3816,40411,2388,3,11,42,2267,615,11623.3
7854,26399,2354,1,5,46,584,335,8419.7
8709,19846,4712,4,18,63,2444,670,6953.799999999999
2569,15708,2367,3,3,56,2612,820,212.39999999999964
7442,44039,1821,1,14,33,2169,873,18211.699999999997
3895,49984,1454,5,8,52,1162,1432,8995.199999999997
4733,45368,2624,5,4,37,1126,299,5610.4
5863,10998,3772,5,12,61,563,1931,-700.6000000000004
14913,47063,4726,5,17,56,1418,1625,12618.900000000001
9455,30678,4136,2,4,39,1875,356,7203.4
6014,10682,4147,4,15,55,1681,255,2704.6000000000004
13093,49148,1710,4,18,60,2112,1007,15744.400000000001
3686,8519,3190,2,13,48,990,352,5055.700000000001
5009,31480,1916,3,15,21,2378,1755,10944.0
9806,19694,4986,3,14,62,2440,1544,6908.200000000001
2154,3300,3875,5,3,38,812,523,-7510.0
12729,6722,3652,1,6,60,1418,1860,3016.6000000000004
3409,39986,2496,3,15,53,2382,949,13495.8
14249,24160,2440,1,7,32,1312,755,8748.0
2784,20059,1304,4,16,28,1989,1717,6017.700000000001
13367,35822,1735,1,15,44,1826,283,16246.599999999999
10096,13575,4568,4,9,36,1179,1335,572.5
9560,7970,3338,2,9,24,934,98,2891.0
14533,34911,2963,2,1,58,1181,196,6973.299999999999
9343,21591,3149,5,8,64,1658,481,477.2999999999993
9206,31821,3009,3,16,47,1573,877,11546.3
7596,9503,4338,5,10,29,1955,1249,-2149.1000000000004
7801,47917,3914,4,9,36,2887,1868,10875.099999999999
4806,18922,4015,5,16,32,2894,614,3676.5999999999985
2537,12175,4693,1,3,51,1870,617,3152.5
7986,41124,4021,4,15,44,1148,1388,11837.199999999997
3841,21389,3889,2,19,34,744,367,11916.7
12647,47838,1961,3,14,45,2656,569,15351.400000000001
10716,822,3989,4,4,54,795,589,-5753.4
8971,17327,4848,4,5,23,2659,1098,-301.90000000000055
7625,47057,2026,1,16,44,2112,1065,20117.1
4950,6150,3132,3,0,62,2890,421,-4155.0
9992,4425,4865,2,18,29,2648,835,6327.5
14323,16032,3375,4,3,46,2127,1204,-1690.4000000000005
6780,2198,3863,4,16,40,527,544,659.3999999999996
14307,20079,2473,1,8,60,2485,70,8023.700000000001
4368,36220,3501,5,1,30,2060,1591,1366.0
14039,41874,2947,2,7,39,557,1128,12062.199999999999
8655,13859,3676,3,14,23,2021,1223,5157.700000000001
10173,31419,4292,4,6,44,796,1124,4425.699999999999
6495,8705,2177,4,5,25,2681,767,-2888.5
12893,42880,1664,2,0,23,2796,306,8864.0
11163,23236,1011,5,14,47,1401,1609,3970.7999999999993
8002,22419,2156,4,6,36,2464,1706,1725.7000000000007
8614,19978,1303,2,16,35,1598,376,9993.4
11358,37609,4364,1,1,55,2177,654,9782.699999999999
7919,15358,4022,5,8,32,1691,677,-1392.6000000000004
12966,34177,4371,3,8,61,1270,398,8253.1
12174,29378,2763,4,12,64,2026,1796,6813.4
2853,37334,3830,2,5,46,1878,220,9700.199999999999
6146,11382,1042,1,5,54,1748,1618,3914.6000000000004
13928,14596,1943,3,19,43,2054,181,7878.799999999999
5769,33572,3390,2,19,51,645,306,15571.599999999999
2574,13221,2349,2,2,40,2483,521,966.2999999999993
13453,1279,4885,3,16,32,1764,1419,2383.7000000000007
3148,45960,3545,1,16,43,2407,1013,19788.0
8293,7083,3411,1,11,24,2891,3,5624.9
8457,43861,1890,5,15,43,2272,862,10658.3
9509,17771,3474,4,14,21,1558,1937,4331.299999999999
11907,29975,2004,3,12,45,2548,847,8992.5
6777,45648,1020,3,0,22,2519,803,7694.4
5854,48285,1406,3,16,50,652,1304,16485.5
4491,19063,3666,1,2,23,2976,214,4718.9
12852,2106,2014,4,14,41,1007,971,-368.1999999999998
5124,24557,1335,5,3,45,990,1633,-1132.9000000000015
7691,48854,2838,2,3,40,844,1443,12156.199999999999
5051,20607,4188,2,17,42,2435,100,10682.099999999999
2004,37599,2147,3,16,41,2261,962,13279.699999999997
7222,28529,3446,4,18,53,720,1544,9558.699999999997
7315,35954,3840,1,10,58,2438,572,13786.199999999999
6869,27856,2827,4,19,35,2442,1332,9856.8
2876,2573,1714,4,2,35,1222,657,-6228.1
11183,12808,1050,1,7,45,1027,938,5342.4
9027,35367,4854,3,13,41,2022,1954,11110.099999999999
6142,36801,1323,4,0,44,2164,1533,3040.2999999999993
8966,41196,1788,2,13,25,980,1086,14858.8
9079,34072,1140,1,1,26,2371,1656,8721.6
9987,23752,1469,5,3,63,1962,225,-1374.4000000000015
8799,17685,1786,3,18,64,1925,104,8305.5
14556,41401,2825,1,5,43,844,1997,12920.3
6465,11372,2357,5,0,24,544,771,-6588.4
2635,8996,2916,5,16,47,2568,1884,698.7999999999993
3693,16458,1963,4,7,38,2157,1448,437.39999999999964
11874,31889,4055,4,18,41,2387,1278,10566.699999999997
6752,26665,1372,4,0,48,2595,428,-0.5
10311,38243,4635,1,4,55,2014,433,11472.9
2830,31653,3541,1,15,42,2834,1230,14995.900000000001
13867,26657,4610,3,5,60,1501,1051,4497.0999999999985
7177,39952,2692,4,7,43,1533,681,7485.6
11561,22180,3798,5,12,23,2540,1359,2654.0
10932,31896,2179,2,15,60,773,587,13068.8
10308,12875,3338,3,2,30,1455,1651,-1137.5
7949,1622,2671,1,18,45,2279,1092,7486.6
4838,48756,4215,3,11,28,880,865,14126.8
3150,40809,1105,3,15,31,1852,745,13742.699999999997
9560,16725,2443,3,10,25,978,1536,4017.5
3931,40760,3717,3,9,57,2562,1190,10728.0
11204,15646,2681,2,19,58,1015,863,10193.8
3664,17029,1001,4,3,49,690,1753,-1391.3000000000002
3081,29402,3636,5,11,25,1691,1808,4320.6
14921,4263,3691,3,1,29,1660,367,-4221.1
2512,30987,3137,3,18,22,2701,250,12296.099999999999
13041,46828,4416,3,4,21,1911,858,10048.4
9805,47924,1349,4,7,60,771,855,9877.199999999997
7237,8646,4530,1,6,50,642,1954,3593.7999999999993
2559,27529,2286,1,13,31,2412,1709,12758.699999999999
5672,11664,4422,2,2,48,1592,1193,499.1999999999998
14775,35737,4179,1,17,64,2794,1781,17221.1
9404,35796,4657,3,15,32,1287,1958,12238.8
5343,24027,2062,3,18,59,2626,1113,10208.099999999999
6070,29373,3956,3,18,46,2181,560,11811.900000000001
14991,36397,3206,2,17,33,1122,1469,15419.099999999999
11662,20609,4654,3,19,28,1437,293,9682.7
2580,35835,4006,1,15,48,1618,918,16250.5
9004,38709,3359,4,7,50,1116,1173,7112.699999999999
12486,19250,4312,4,0,29,1531,1155,-2225.0
10130,21172,1444,5,16,59,566,432,4351.5999999999985
5147,11555,3345,1,11,51,690,58,6966.5
6249,21874,1951,3,10,41,1020,968,5562.200000000001
3679,13081,1035,4,4,54,1489,835,-2075.7000000000007
5506,24063,2107,1,11,51,1640,198,10718.9
9253,6819,2475,4,16,45,2814,214,2045.7000000000007
4744,25712,4957,3,5,32,2134,897,4213.5999999999985
13548,24762,2798,4,0,21,1687,1584,-571.4000000000005
14237,11046,2845,5,4,42,875,471,-4686.200000000001
11435,31463,2408,5,13,60,1152,1767,5938.9
7188,28769,2195,4,4,57,1048,246,2630.699999999999
13310,23150,2399,1,0,21,1597,381,4945.0
4141,2711,2708,1,17,21,572,990,7313.299999999999
13251,4853,2385,1,15,62,2855,1262,6955.9
14740,29077,3606,4,8,62,698,926,4723.1
13151,23863,3938,1,18,41,2281,1390,14158.9
12457,21792,3188,3,4,35,1071,1191,2537.5999999999985
8617,40483,3934,5,1,37,1290,559,2644.8999999999996
4479,8942,4989,3,14,42,2138,1074,3682.6000000000004
8484,48275,4189,1,6,58,2331,1834,15482.5
14838,48594,2300,3,3,55,2355,1633,10078.199999999999
11827,1762,3773,1,0,36,2010,1974,-1471.4
9421,31987,2243,4,12,28,1674,1751,7596.1
11949,15850,4976,3,19,37,678,688,8255.0
6452,12112,4097,4,6,37,2744,379,-1366.3999999999996
12262,24058,1520,4,14,46,1234,473,6217.4
7881,45420,2806,2,13,33,2636,1103,16126.0
8665,38890,1009,1,18,37,1298,696,18667.0
4849,481,1983,5,19,58,1287,1390,-355.7000000000007
13443,47304,3425,1,17,37,708,1484,20691.199999999997
9390,32921,2656,5,9,34,992,910,4376.299999999999
8905,40385,2660,1,8,26,2157,1562,14115.5
13922,1524,3729,4,7,55,1231,1475,-4042.8
4489,34888,3631,3,9,34,1629,1487,8966.4
11823,15048,3199,3,16,28,2105,959,6514.4
13008,35111,1719,2,1,35,1093,477,7033.299999999999
11207,37904,2072,5,5,47,1715,1003,3871.199999999999
11540,34008,4225,5,4,33,824,925,2202.3999999999996
6611,60,1858,5,8,51,1478,1443,-5982.0
13279,9130,2316,4,4,55,2249,706,-3261.0
4839,18023,2603,5,17,26,2350,1237,3906.8999999999996
10527,45080,1049,3,19,25,1990,1392,17024.0
7878,13350,3711,4,8,42,1393,853,5.0
14784,24354,3578,1,16,43,1890,1137,13306.2
11087,45186,4683,5,16,45,643,1016,11555.8
8303,28145,4131,5,11,54,883,753,3943.5
13738,34020,4238,1,6,46,2763,502,11206.0
2851,20587,4273,5,2,25,2871,1659,-2823.9000000000005
3687,41131,3904,1,9,46,716,816,14839.3
12123,9650,1145,4,1,40,2015,587,-4605.0
8833,19933,1914,3,2,26,2730,1334,979.8999999999996
13938,20581,4747,1,15,26,2817,1492,11674.3
4427,23393,4040,2,1,38,1990,1847,3517.8999999999996
11760,23051,2462,1,9,24,2135,707,9415.3
6000,26212,3289,5,5,37,2852,1886,363.59999999999854
7052,49082,1580,4,10,34,1667,1067,11724.599999999999
4738,4090,3734,4,6,34,610,1438,-3773.0
13690,6960,2584,1,14,33,1513,1721,7088.0
7732,35772,1482,3,5,27,731,1878,7231.6
7387,21520,4179,2,19,64,2214,1269,11956.0
10002,49481,2249,4,8,35,2255,1972,10844.3
7536,36408,1672,5,19,39,2077,1107,10422.400000000001
5913,28470,1630,5,11,63,1796,206,4041.0
3066,20491,3708,3,18,64,2720,150,9147.3
9723,1341,1661,4,19,55,1472,667,1902.2999999999993
6380,44623,4503,1,2,37,1530,527,12386.9
12636,24791,3852,5,14,55,1017,164,4437.299999999999
6107,338,4726,3,1,39,1413,916,-5398.6
7726,5895,3466,4,1,40,2762,1998,-5731.5
5373,12254,1987,4,2,56,2681,1168,-3323.8
14161,11344,4526,4,5,55,2832,1009,-2096.8
12738,1750,4231,4,14,52,2444,36,-475.0
10945,2421,2546,4,9,64,1962,332,-2773.7
4082,39887,1649,5,8,60,2372,402,5966.1
12966,5319,1968,3,0,44,2878,413,-4404.3
13088,15896,3637,4,15,37,1807,44,4268.799999999999
14377,11918,2100,2,5,27,1398,1425,2075.3999999999996
10967,25064,3556,2,8,63,1598,205,7519.200000000001
8748,46617,1440,3,3,21,1689,61,9485.1
11817,27935,4325,1,1,55,1712,419,6880.5
13261,37641,1920,1,3,52,2625,867,10792.3
2417,29711,1769,1,0,56,1187,1491,6913.299999999999
10306,4806,2343,2,18,33,2568,819,6441.799999999999
10808,41360,2826,1,9,26,1065,18,14908.0
5974,12182,1262,5,14,34,1707,364,654.6000000000004
5267,22297,4668,4,18,57,2394,1323,7689.0999999999985
2825,19541,4729,2,15,35,1326,1030,9362.3
9668,28921,4906,3,3,24,1851,1784,4176.299999999999
7745,16774,2577,3,1,60,2726,427,-467.8000000000002
11708,44813,4445,4,12,36,2311,1140,11443.900000000001
13338,37198,3684,2,0,48,1582,579,7159.4
2412,8820,4238,1,16,36,1850,1530,8646.0
9543,24070,4824,1,12,24,2144,545,11221.0
9587,4232,3506,5,3,46,690,1729,-7230.4
2728,11122,1998,5,6,48,1723,324,-3663.3999999999996
13540,15023,4351,1,16,52,1835,54,10506.9
9164,8007,1699,3,8,22,1207,777,402.10000000000036
13000,17905,3349,3,3,51,878,991,871.5
10867,41786,4602,5,18,23,886,41,11535.8
13657,29398,2603,4,0,28,2784,1320,819.3999999999996
7988,34268,2241,1,9,44,1115,1996,12780.4
4504,6737,2125,5,3,35,2042,230,-6478.9
4967,36062,3601,5,8,63,2830,452,4818.6
4786,25510,3335,1,12,51,2548,1913,11653.0
3122,19426,2190,1,13,29,2254,393,10327.8
6079,37265,3668,3,9,59,963,1545,9679.5
3571,17850,2005,4,5,22,1466,1381,-145.0
7073,614,1035,4,15,28,671,1467,-315.8000000000002
7104,21776,1743,1,5,27,1646,1151,7032.799999999999
4143,24077,2764,2,16,64,1342,690,11223.099999999999
11879,9374,1352,5,9,59,1821,1428,-2687.8
8806,35435,4747,5,17,62,2408,391,9130.5
9357,30907,2922,1,17,36,1189,1216,15772.099999999999
14324,13409,1072,2,2,55,2007,603,1022.6999999999998
14043,16514,3695,3,19,50,2712,880,8454.2
5440,29866,2376,1,14,30,2524,1766,13959.8
5766,2983,2914,1,14,58,2222,1101,5894.9
7644,31705,2093,5,3,38,882,84,1011.5
12518,20662,3472,1,8,25,2756,1053,8198.599999999999
4914,23510,4046,1,18,49,1912,1748,14053.0
6968,12651,1707,1,16,59,2083,48,9795.3
7917,40998,2804,5,10,54,2771,1800,7299.4000000000015
14144,28535,3608,3,8,63,2550,1168,6560.5
10787,6640,3875,3,9,43,871,68,492.0
2728,44547,4713,1,17,25,2210,1081,19864.1
3365,15317,1955,5,19,50,1969,696,4095.0999999999985
6492,7564,3564,3,12,26,1110,1597,2269.2000000000007
2698,27345,3475,3,7,64,615,478,5703.5
9186,48288,4610,3,6,24,946,819,11486.400000000001
2395,28687,1159,5,16,49,1891,1468,6606.0999999999985
9400,13737,3196,5,14,43,1840,1319,1121.0999999999985
10082,9323,3823,1,19,26,914,1701,10296.9
6171,15229,4301,4,14,52,2308,1194,3568.7000000000007
6360,44481,2735,3,0,62,1547,1598,7344.299999999999
4502,8502,2585,4,13,38,2373,146,1050.6000000000004
12011,545,1066,5,4,35,1573,1507,-7836.5
2717,37114,4061,5,10,60,1217,1329,6134.199999999999
4782,29430,4883,5,15,52,1858,1696,6329.0
6946,9996,3428,4,1,29,2105,1676,-4501.200000000001
13769,27788,1057,5,7,57,2818,1869,1836.3999999999996
7486,29969,4330,1,10,30,1061,1015,11990.699999999999
10335,48543,1341,5,17,40,2794,608,13062.900000000001
6980,13919,4909,2,2,26,886,445,1175.6999999999998
13332,3810,2153,4,0,23,1201,220,-6857.0
9266,30586,3774,2,10,62,1472,1578,10175.8
6491,39974,2195,5,15,31,1884,1968,9492.199999999997
9192,41773,3817,1,17,63,1483,1827,19031.9
13130,16371,3661,3,15,37,2011,1401,6411.299999999999
7588,45084,2232,5,9,52,851,1643,8025.199999999997
9651,29629,4874,1,17,24,2224,1289,15388.699999999997
5636,8436,3401,4,5,24,2451,94,-2969.2000000000007
13414,12984,2494,2,18,37,1779,261,8895.2
3167,33039,2821,2,3,61,2407,1848,7411.699999999999
12808,19895,1115,2,12,39,1252,896,7968.5
3062,18155,4335,4,13,25,1524,1094,3946.5
4156,10616,1661,1,2,52,1045,1977,2184.7999999999993
9860,37129,4883,4,9,42,1969,218,7638.699999999999
7161,39837,2465,2,5,26,578,1556,10451.1
7305,24574,4619,5,0,55,1759,91,-2627.8
13174,3430,3500,3,13,42,2881,126,1529.0
8541,12676,2868,4,7,21,1388,79,-697.2000000000007
13486,10816,4548,4,18,40,1605,1847,4244.799999999999
6729,32733,3334,1,13,42,2490,1261,14319.9
11348,20144,4374,1,9,31,2000,982,8543.2
9330,2050,2016,4,16,33,1420,1395,615.0
7334,44460,1310,2,8,62,1049,915,13338.0
10924,33933,1207,3,5,23,2561,485,6679.9
6330,24951,3665,1,10,29,891,693,10485.3
10010,32413,3493,2,6,32,2857,24,8723.9
8801,34801,3717,5,16,43,2933,155,8440.3
6846,32913,1632,1,0,34,1880,1540,7873.9
8731,47037,3102,2,4,53,1473,631,12111.1
9241,40600,3959,2,8,38,839,1812,12180.0
2953,25280,4083,3,17,61,1256,1553,10084.0
4539,24557,1656,3,1,29,1545,1966,1867.0999999999995
9056,47054,2423,5,10,43,2838,1733,9116.199999999997
13516,35400,2931,2,5,30,2853,1080,9120.0
13493,4494,4719,2,7,39,1438,1628,848.1999999999998
3542,15152,4027,3,3,25,1347,18,45.599999999999454
7293,23895,3562,1,17,43,941,1407,13668.5
3191,9155,2679,1,10,50,629,1888,5746.5
8313,31883,4613,4,4,45,1096,1216,3564.8999999999996
13185,43194,1236,3,14,48,2458,236,13958.199999999997
8938,43001,4350,4,17,54,2005,1410,13400.3
4681,1828,1347,3,1,45,1361,1449,-4951.6
11409,45028,3674,5,10,30,1498,276,8508.400000000001
3540,41898,4175,2,12,34,2872,1250,14569.400000000001
8172,32123,1629,5,3,62,2995,744,1136.8999999999996
13428,37573,2540,3,6,50,2051,551,8271.9
7541,806,3003,2,10,61,2140,1346,1241.8000000000002
12578,40970,4943,1,3,45,2011,1176,11791.0
13911,29757,2271,1,14,34,2236,638,13927.1
11580,34636,1363,4,0,55,1949,236,2390.7999999999993
12048,14561,3368,3,2,54,2357,997,-631.6999999999998
3365,48280,4704,3,13,30,764,54,14984.0
10691,24262,1285,1,5,55,1962,1459,7778.5999999999985
11872,14899,1148,5,17,31,656,683,2969.7000000000007
10702,48988,2107,2,0,31,1945,108,10696.4
9494,15934,3453,5,5,41,2798,1889,-2719.8
6312,38197,4025,5,5,41,2132,1207,3959.1000000000004
3324,41844,1455,1,15,42,2874,1974,18053.199999999997
11347,36332,2766,1,4,27,1394,1391,10899.6
12019,34157,1799,1,16,37,2644,1221,16247.099999999999
5141,11593,2184,4,9,22,1012,1394,-22.100000000000364
9419,40042,2012,5,17,32,715,372,10512.599999999999
5486,49976,3831,3,6,62,2672,972,11992.8
3810,17320,3507,2,2,38,2206,1520,2196.0
8588,27376,4621,4,12,31,2606,1622,6212.799999999999
4923,43513,2523,3,14,36,2067,200,14053.900000000001
7301,14199,3785,5,19,38,2708,848,3759.7000000000007
12406,15876,3556,1,18,55,2831,508,11762.8
6186,8245,4725,5,2,46,2653,1345,-6526.5
10905,7214,4875,2,3,36,1628,274,-335.8000000000002
7977,726,1480,4,4,26,727,210,-5782.2
13794,46600,2686,4,0,64,2865,503,5980.0
14326,11362,3161,2,3,63,1987,1926,908.6000000000004
13714,18297,3796,3,11,62,1301,1141,4989.0999999999985
6268,30448,2601,3,9,32,2122,702,7634.4
6748,26172,3408,4,19,33,2405,1577,9351.599999999999
6849,42874,1340,4,12,24,971,41,10862.199999999997
11435,7657,3817,1,13,59,1579,314,6797.1
5709,18850,3010,3,4,22,2560,787,1655.0
11273,25425,3808,2,3,46,1541,328,5127.5
8619,26685,4016,3,13,47,2660,1040,8505.5
10647,47319,3496,1,9,47,728,282,16695.699999999997
11086,24578,2866,4,16,35,670,942,7373.4
11576,28831,1834,4,9,28,794,257,5149.299999999999
12150,7906,2203,1,6,27,688,574,3371.7999999999993
5072,7287,2725,2,15,60,925,573,5686.1
8530,33660,4478,4,0,32,1476,611,2098.0
12188,10222,2689,5,16,33,1602,1042,1066.6000000000004
14477,37443,4267,4,8,63,1418,1552,7232.9
2504,34701,4537,5,5,37,998,836,2910.2999999999993
3214,17764,1310,1,18,37,2321,422,12329.2
3531,44641,1261,1,12,56,1365,1489,17392.3
13632,17674,2442,4,2,41,1325,1396,-1697.8000000000002
9576,18024,1405,3,6,28,2358,757,2407.2000000000007
2823,46007,3190,5,8,25,2618,762,7802.0999999999985
2928,23874,1341,2,4,46,2795,1990,5162.200000000001
7029,43642,2339,4,9,36,645,1104,9592.599999999999
2133,32284,4172,2,16,56,2141,1574,13685.199999999997
4105,17602,1243,4,11,48,1819,1571,2780.5999999999985
5627,37784,1489,3,15,49,969,423,12835.199999999997
14972,23265,1011,3,2,32,692,428,1979.5
8316,25931,4310,3,8,57,1591,1411,5779.299999999999
3852,28841,1560,3,14,50,551,1944,9652.3
6910,29192,1041,1,4,43,2910,1732,8757.6
6175,46542,3725,1,12,36,2320,1693,17962.6
13125,42520,1593,5,13,34,2369,203,9256.0
13476,15585,2452,2,19,30,2286,195,10175.5
14490,25559,2826,4,14,27,1954,727,6667.700000000001
13003,40059,4229,4,15,57,2367,284,11517.699999999997
7348,33742,4287,1,12,49,2507,1992,14122.6
11442,4133,2693,4,16,23,1934,195,1239.8999999999996
13704,14663,4533,1,7,35,1339,306,5898.9
8190,21754,1133,5,1,56,740,1687,-2973.8
3256,3972,4138,2,4,39,1035,13,-808.4000000000001
5376,5295,4919,5,5,33,1907,1860,-5911.5
7645,46681,4078,3,11,62,582,1169,13504.3
5486,41873,1947,3,17,41,1481,1961,15061.900000000001
5584,29125,4597,3,0,57,1450,1080,2737.5
11588,40996,1072,5,16,47,1110,722,10298.8
13829,9903,1398,4,10,49,1073,779,-29.100000000000364
10053,3020,2428,2,9,40,2833,1233,1406.0
5330,41755,4746,3,18,45,1488,528,15526.5
4703,20420,3625,3,13,26,958,797,6626.0
10662,21452,3906,3,9,56,2673,343,4935.5999999999985
10120,45648,1129,2,14,22,2022,1738,16694.4
9114,38001,3978,3,18,42,2972,1634,14400.3
3353,9516,4537,2,3,52,2484,1302,354.7999999999993
12975,47327,4277,3,1,36,2066,208,8698.1
13023,49469,2811,5,8,38,2659,640,8840.699999999997
7063,2396,3001,5,9,25,2949,1358,-4781.2
10549,18546,4839,2,10,56,621,1311,6563.799999999999
13211,19129,1265,5,13,50,772,251,2238.7000000000007
9575,1591,2560,2,6,39,1817,1288,-522.6999999999998
2667,11303,2985,5,14,43,897,270,390.89999999999964
6468,30561,1792,5,18,54,1484,1947,8168.299999999999
11337,6183,3300,2,14,33,1730,919,4854.9
8819,26572,3869,4,7,63,1633,1723,3471.5999999999985
14377,34080,2312,5,10,49,1801,418,5224.0
5719,20695,1163,3,8,56,2410,1749,4208.5
4745,7314,1094,4,14,42,2005,794,1194.2000000000007
9483,19623,2805,2,0,56,2416,1234,1886.8999999999996
2539,2139,3880,4,0,29,1319,1388,-7358.3
12971,47456,2133,1,18,59,2456,1099,21236.8
6964,31290,3383,1,2,39,2868,1683,8387.0
14328,18088,1821,5,9,58,678,1344,-73.60000000000036
6835,39692,1237,5,7,26,1396,724,5407.6
5775,33130,3428,3,14,35,2766,432,10939.0
8042,32088,4507,4,9,40,2472,108,6126.4
9102,26292,3946,1,0,29,2051,640,5887.599999999999
9312,46249,3530,5,17,52,991,1545,12374.699999999997
7320,20670,2960,4,1,24,560,1070,-1299.0
8132,3738,3949,5,18,38,1577,378,121.39999999999964
9891,2469,2048,5,12,25,2203,1850,-3259.3
12700,22534,2676,1,0,40,564,1119,4760.2
4779,48874,4188,1,1,43,1085,957,13162.199999999999
2924,49708,3529,5,15,31,2227,102,12412.400000000001
13148,9017,4463,2,14,57,2718,891,5705.1
3581,2808,3964,5,12,42,1034,853,-3157.6000000000004
9714,49138,4041,5,15,24,2655,1169,12241.400000000001
5324,47638,1963,3,16,49,2370,1903,16291.400000000001
14677,12713,1536,3,6,64,1504,1965,813.8999999999996
7713,40329,4150,3,16,54,2999,1951,14098.699999999997
9026,2719,2603,2,6,33,1729,1050,-184.30000000000018
2255,22890,4244,2,12,62,1539,1755,8867.0
6804,11700,2979,5,4,29,826,529,-4490.0
3838,36509,4083,3,16,62,1107,678,12952.699999999997
12136,42534,4871,2,2,51,501,1968,9760.199999999999
2009,36766,1127,1,6,27,1533,988,12029.8
4871,26705,4679,5,16,24,2981,1105,6011.5
10989,18787,1091,4,6,39,624,427,636.0999999999985
9409,48845,4724,5,0,62,1604,1607,4653.5
9418,26588,1542,4,16,50,2361,821,7976.4
7124,26123,1845,3,16,51,1673,1502,9836.9
3015,33062,4603,4,10,55,628,1789,6918.6
12016,10177,2681,3,2,41,937,1185,-1946.9
14661,21727,4036,1,14,51,1250,1862,11518.099999999999
13328,30220,2851,4,10,39,1721,931,6066.0
4193,9882,3494,5,15,51,2758,1425,464.60000000000036
10415,1136,1389,3,8,52,1401,1531,-1659.1999999999998
9449,34832,3719,5,0,22,2592,1061,449.60000000000036
6158,31966,2884,2,15,30,1802,1978,13089.8
5925,7009,1042,3,8,22,1933,510,102.69999999999982
8970,12987,1253,4,18,22,890,392,4896.1
8938,37311,4201,3,11,44,1567,712,10693.3
6784,31575,2083,5,18,37,526,493,8472.5
6000,1007,3710,1,8,52,1047,1223,2302.1000000000004
3633,5445,3514,3,6,36,1066,1278,-1366.5
12344,10706,3334,4,13,36,1203,1202,1711.7999999999993
9266,47517,4058,2,18,59,1742,546,19255.1
10702,44486,2540,1,18,51,684,593,20345.8
2384,29257,4538,2,1,63,2090,388,5277.1
2404,21736,2953,3,8,44,2413,1421,4520.799999999999
10175,42207,3825,5,12,21,1347,1755,8662.099999999999
14805,13281,3392,5,14,31,1098,157,984.2999999999993
14763,1435,1641,4,2,41,1305,1027,-6569.5
4000,33339,3429,5,10,24,1857,166,5001.699999999999
12948,35150,4850,1,13,27,2626,1491,15045.0
11860,25821,1689,5,7,46,2378,959,1246.2999999999993
7989,26660,2276,4,17,32,2960,408,8498.0
3460,5084,2950,3,18,51,1045,1435,4525.200000000001
9190,16661,2079,3,15,37,2132,1227,6498.299999999999
9140,13507,2486,5,1,53,2716,193,-5447.9
5636,7059,1456,2,7,31,2579,234,1617.6999999999998
12916,18271,1982,3,5,48,2834,717,1981.3000000000002
6809,45539,3130,5,11,52,2426,1173,9161.699999999997
6178,7491,4976,4,14,21,1116,1182,1247.2999999999993
9245,47295,2122,5,7,48,2817,1302,7688.5
8600,14859,1148,3,3,62,1703,815,-42.30000000000018
7997,8073,2352,4,14,27,2259,403,1421.8999999999996
4048,9077,2179,5,19,22,725,892,2223.1000000000004
14338,20953,1189,1,16,62,1169,677,12285.9
6780,11383,4565,4,12,44,2263,1334,1414.8999999999996
2716,49146,1882,1,17,24,1416,67,21243.8
9939,2353,3310,2,1,64,2673,1486,-2794.1
7565,23821,4151,4,12,39,2621,87,5146.299999999999
6544,37567,1399,1,12,46,1714,216,15270.099999999999
6976,49838,3811,3,14,31,2205,0,15951.400000000001
14775,24860,1608,3,19,60,2342,1158,10958.0
12015,21195,4331,2,9,63,2483,1720,6858.5
12273,11939,2795,4,2,31,555,1374,-3418.3
5419,25338,2638,4,18,23,1219,139,8601.400000000001
9239,21730,2575,4,2,32,2579,617,-481.0
11766,21427,3832,2,13,23,1073,132,8928.099999999999
2249,35196,3148,4,7,62,1166,1643,6058.799999999999
10865,27083,2382,3,3,47,783,177,3624.8999999999996
14725,21510,2403,1,19,22,2244,809,13953.0
12357,44064,1819,3,10,36,2734,1381,12219.199999999997
2770,7813,4292,3,10,22,997,379,1343.8999999999996
14154,31598,1819,1,10,50,1965,907,12479.4
6363,47182,1419,3,1,40,629,1894,8654.6
12176,27570,1123,2,16,58,1138,657,12271.0
3077,27082,1421,1,8,48,2661,449,10124.599999999999
10427,29241,4302,3,1,45,2560,585,3272.2999999999993
10580,30678,4761,5,14,52,2991,462,6203.4
13229,44569,4134,3,15,30,2994,989,14870.699999999997
9901,11745,2508,2,3,62,1485,1131,1023.5
6858,26029,4699,4,7,60,1492,121,3308.7000000000007
12040,13025,4774,3,8,53,2621,16,1907.5
8544,36124,2597,4,4,33,600,1219,4837.199999999999
6719,14288,1767,5,15,61,2723,326,1786.3999999999996
4814,23650,3044,3,12,62,926,317,7095.0
5374,6540,3530,1,6,57,540,808,2962.0
13470,32232,3566,4,19,36,928,1502,11169.599999999999
3252,16422,3202,5,16,42,843,1275,2926.5999999999985
8996,3342,3139,1,2,40,865,502,2.599999999999909
14173,41846,4029,1,4,63,1108,118,12553.8
6673,35612,2549,1,18,47,1227,1697,17683.6
12314,10396,3502,1,11,61,2776,709,6618.799999999999
6530,17482,2764,3,6,36,1324,1521,2244.5999999999985
12342,23411,3044,3,8,54,1875,1509,5023.299999999999
8881,46766,3645,3,5,52,1388,44,10529.8
8949,13261,4716,5,16,46,2543,313,1978.2999999999993
11521,3093,1509,5,15,45,1841,1202,-1572.1000000000004
8241,11722,2206,5,2,22,1796,1917,-5483.4
10017,22042,1385,2,3,32,616,417,4112.599999999999
8941,44413,2597,5,9,60,2915,555,7823.9000000000015
11550,47851,4802,3,4,29,1617,1806,10355.3
9002,28087,3452,3,9,32,667,1101,6926.1
12674,32347,3293,2,11,46,2238,325,11204.1
14734,33756,1741,2,9,29,1864,1713,10626.8
12209,39214,4662,5,12,30,1194,1380,7764.199999999997
3331,16335,3708,4,10,52,1424,1439,1900.5
14536,28602,3697,2,15,54,651,1986,12080.6
6261,48901,4542,1,7,40,1085,514,16170.3
9648,34450,4897,3,7,59,1412,213,7835.0
11550,32196,2911,1,7,22,2821,1877,11158.8
7115,5626,2446,3,12,21,2077,73,1687.8000000000002
6637,7424,1900,3,1,56,995,1586,-3272.8
6854,12857,3112,2,11,44,2648,1602,5357.1
5177,44923,4084,2,9,47,1056,508,13976.900000000001
9730,19982,3260,1,11,22,1605,331,9494.599999999999
12320,11425,3009,3,10,51,2052,1116,2427.5
4180,1980,1241,1,14,34,2620,687,5594.0
6892,48290,3540,4,15,22,656,656,13987.0
9043,26431,4284,1,16,49,1234,1542,13929.3
2137,19440,4764,5,1,35,2679,1292,-3668.0
8327,41752,3385,1,17,32,1927,1399,19025.6
5472,17175,3020,5,11,57,1058,1857,652.5
7449,48651,1172,5,18,48,2654,1027,13595.3
4832,26385,1671,5,17,40,2812,1161,6415.5
5579,38158,1163,4,16,59,654,1254,11447.400000000001
7971,23019,1464,1,5,44,1496,599,7405.700000000001
13223,18639,4042,1,14,41,2794,1552,10591.7
6164,19994,1496,4,2,30,1030,1075,-1001.8000000000002
12785,34375,1699,3,5,34,2471,1669,6812.5
9941,21563,3442,2,2,57,1228,1746,3468.8999999999996
7569,39341,1702,1,0,38,1677,324,9802.3
6300,5776,2940,2,12,44,653,991,3732.8
8269,36444,3355,4,13,34,591,1993,9433.199999999997
5818,3380,2791,3,12,54,2885,1928,1014.0
14330,8711,1182,3,3,32,2003,1754,-1886.7000000000007
14015,8782,1628,3,6,42,2216,716,-365.39999999999964
14234,17434,4865,4,9,26,2997,722,1730.2000000000007
3906,46765,3557,5,6,56,2516,276,7029.5
8254,20017,2731,5,14,56,1286,535,3005.0999999999985
2760,30707,1545,2,14,42,772,1509,12212.1
9830,39110,2587,5,3,34,2527,1539,3233.0
9350,17343,1623,5,5,36,676,151,-2297.1000000000004
8238,38827,4835,3,19,56,1142,954,15148.099999999999
8090,41652,1593,3,4,45,2398,1506,8495.6
13637,5655,1743,2,19,52,1066,258,7196.5
8031,44859,4298,1,11,53,1165,323,16957.699999999997
9687,15251,2768,2,0,56,1831,1016,575.3000000000002
11091,526,4804,2,7,40,2298,868,-342.1999999999998
14647,3224,2459,4,0,38,1569,1191,-7032.8
13139,47837,2948,4,4,58,2849,687,8351.1
11911,11536,4493,2,5,23,907,309,1960.7999999999993
10472,28541,3601,2,2,43,1712,802,5562.299999999999
13458,13547,3068,2,14,52,2353,1502,7064.1
3887,34531,3601,5,4,36,1652,1079,2359.2999999999993
5266,8712,3444,4,13,25,1641,619,1113.6000000000004
2666,38565,3672,2,17,24,643,472,16069.5
6188,9208,1104,3,15,41,2989,1319,4262.4
2671,5109,3239,3,5,60,986,460,-1967.3000000000002
12161,49268,1016,5,13,34,1359,1347,11280.400000000001
14348,35201,4191,5,7,59,2435,813,4060.2999999999993
8777,16967,1392,1,6,51,647,845,6090.099999999999
13314,29759,1424,1,7,34,1859,1164,10427.699999999999
9570,20172,3176,1,12,26,1857,666,10051.599999999999
9956,36935,4201,5,5,32,589,261,3580.5
7124,26589,1571,5,17,36,1857,1808,6476.700000000001
